{"cameraMode":{"drawMode":0,"name":"Shaded","section":"Shading Mode"},"sceneLighting":true,"audioPlay":false,"sceneViewState":{"showFog":true,"showMaterialUpdate":false,"showSkybox":true,"showFlares":true,"showImageEffects":true,"showParticleSystems":true,"showVisualEffectGraphs":true,"m_FxEnabled":true},"in2DMode":false,"pivot":{"x":0.02561318874359131,"y":0.4752277135848999,"z":0.22537793219089509},"rotation":{"x":0.03424248844385147,"y":0.46596288681030276,"z":0.017995059490203859,"w":-0.883992075920105},"size":0.48963454365730288,"orthographic":false}